{"Any_F: n=12 l=9": [[-5.034727536039849e-17, -3.100035973347727e-17, -2.2442596630172166e-17, -1.6315617919596274e-17, -1.5386734717116102e-17, -1.2839976706038083e-17, -1.1791759743798633e-17, -1.0026468924266726e-17, -8.209265804112734e-18, -5.675158330361657e-18, -3.2576811983250373e-18, -2.5944011995788563e-18, -9.9565078403085e-19, -1.7642378006525582e-19, -1.3279364888167657e-33, -5.239744783855738e-34, -1.554043976260393e-34, 1.4839405814346787e-34, 3.5085805496477746e-34, 5.371934562807235e-34, 6.941226725894089e-34, 9.26089451283755e-34, 1.833346906613985e-32, 2.0072129704255442e-32, 5.561598203411676e-19, 1.3656075441771398e-18, 2.7084978134615435e-18, 4.369591180859267e-18, 6.22578230905213e-18, 6.308670039864334e-18, 9.74543868609675e-18, 1.1221140242785872e-17, 1.2062271673687223e-17, 1.5846894798063998e-17, 1.8929540892769574e-17, 2.7208027384398718e-17, 3.391745129353685e-17, 0.0014837604730638936, 0.0036809982092159093, 0.006086223548684455, 0.012408536338271145, 0.052978598880706954, 0.07706433965597814, 0.2165883121095596, 0.4573246578828109], [0.0, 0.0, 0.0], [-9.626748191541589e-17, -5.859431569023404e-17, -5.0573576404256343e-17, -4.364954718424133e-17, -3.9325051905408024e-17, -3.7193435154673866e-17, -1.7845791893624716e-17, -1.2781836929522074e-17, -8.50339555610267e-18, -7.507839629433667e-18, -3.987890925361028e-18, -3.76262307775694e-18, -2.7457645365944424e-18, -5.4120692118916905e-19, -2.8672546910381146e-19, -4.25110607601539e-20, -3.3183620519370046e-33, -6.414021985633058e-34, 3.0269060341792224e-49, 1.8517674747841052e-35, 8.411498599955561e-34, 3.2668639813696686e-33, 4.418809042448189e-33, 5.332380898431884e-33, 1.1164174166584587e-32, 3.1735402933456497e-29, 1.4588667756863047e-24, 1.0690797143981221e-19, 5.705188021891268e-19, 3.2403636177975847e-18, 4.423293571688987e-18, 8.474008815384762e-18, 1.2414968610450785e-17, 2.2243383491555898e-17, 5.561194433052375e-17, 6.331227137844627e-17, 6.459459463715451e-17, 0.00014916998548385933, 0.0006203357635503947, 0.0031756087852249587, 0.0047251652062012895, 0.007176426205502745, 0.06105626748067391, 0.08679133304307993, 0.2582783829713159]], "Any+Ising_F: n=12 l=9": [[-6.536885470701258e-17, -5.755977697606902e-17, -3.4145367056334433e-17, -3.154120860501721e-17, -2.7870178698415235e-17, -2.7249919043063982e-17, -1.6988378457088602e-17, -1.2938497312580784e-17, -9.37759156764836e-18, -8.961490384011839e-18, -6.382030108159519e-18, -4.5730679185705836e-18, -1.216575782689284e-18, -5.871539828629886e-19, -3.484754381185361e-33, -1.6398664937976128e-33, -6.110677304495839e-34, -9.605847560298982e-35, 7.244493472485624e-35, 4.646597068123727e-34, 1.2832687211731439e-33, 1.437274388428154e-33, 2.3669270898769927e-33, 9.308940019016124e-32, 3.0325083528894166e-19, 6.262021073599746e-19, 1.8653999904146098e-18, 2.266085050774018e-18, 6.206057498723862e-18, 1.0423431954363476e-17, 1.1607872405909991e-17, 1.5554092060867417e-17, 1.81295921046037e-17, 2.5438559346757092e-17, 3.1649853390675283e-17, 4.895582292705692e-17, 5.548426520170677e-17, 0.0010666687632470888, 0.001562880337409424, 0.00663318584555731, 0.011856803548728381, 0.01318060679566214, 0.029442103866242717, 0.21476416698638298, 0.44661839084569344], [0.0, 0.0, 0.0], [-9.096622810833056e-17, -5.407655102765723e-17, -5.094295579180274e-17, -3.470941571015973e-17, -3.4199202523436394e-17, -1.7938642290075697e-17, -6.251976316644938e-18, -3.188238596630221e-18, -2.9832462414944946e-18, -1.3143424793794422e-18, -2.6306649733569173e-19, -4.390578461951979e-20, -3.6406630671854813e-33, -7.654367978257571e-34, -6.287713963733333e-34, 1.5327366702803302e-36, 1.2900580235673724e-33, 3.0746969460951074e-32, 3.8584333898704845e-32, 5.866850682243948e-32, 5.311508105773829e-31, 1.4198231234721987e-30, 6.060612687728926e-25, 3.3608281694981056e-20, 6.776137930365451e-20, 2.3089721869908103e-19, 8.469589106392178e-19, 9.803980452590465e-19, 2.351168877739774e-18, 2.611897574854474e-18, 4.501613231306752e-18, 8.736495869211253e-18, 1.7340766672973566e-17, 2.1625695833117405e-17, 2.5081756596459938e-17, 5.343590981146875e-17, 8.731599401324053e-17, 0.00021872332739799255, 0.0007706610169613582, 0.0033068809858930403, 0.003599559105588686, 0.0050058903034173215, 0.034201907450128695, 0.09538030146925519, 0.239228271068701]], "Species_F: n=12 l=9": [[-5.090148586849048e-16, -5.153851580412176e-17, -3.752980724576642e-17, -3.0523106879813287e-17, -2.4464750827500067e-17, -1.8356120675083974e-17, -1.5964011393039973e-17, -1.088847086186654e-17, -8.303815076073889e-18, -6.19129953195286e-18, -5.1125811111702956e-18, -1.5123439765840556e-18, -8.956787044929865e-19, -4.0487023440160496e-33, -1.3895937522854431e-33, -9.436055459049061e-34, -3.1003925300509943e-34, 2.338669121330468e-51, 4.370108096641762e-35, 3.543319437141724e-34, 6.910382973435664e-34, 1.006346754148778e-33, 1.2949823655445974e-33, 3.4608942945580906e-18, 3.538911847930521e-18, 4.119422820573755e-18, 7.627255720469281e-18, 9.834853181728595e-18, 1.3131698091058852e-17, 1.3292728910611518e-17, 1.7566561362341957e-17, 2.396792793336118e-17, 3.337841686779614e-17, 3.500012309591469e-17, 4.9842780098970864e-17, 5.628839275036933e-17, 6.759410900921901e-17, 0.007942765879042496, 0.01688713239118413, 0.02205037244601379, 0.11120240248483203, 0.12376285341559007, 0.22222032557261406, 0.22733238810366, 0.9226312065866881], [0.0, 0.0, 0.0], [-1.109201568408298e-16, -6.858309319419232e-17, -6.46867085867439e-17, -5.607629344379168e-17, -4.577892740667113e-17, -2.6541460277611037e-17, -1.6675912456685108e-17, -8.872834450031575e-18, -5.783814775336222e-18, -2.2044566417232575e-18, -7.316950704472424e-19, -1.1482569560236498e-33, -5.292091844384096e-34, -5.860358093525551e-35, 2.802636598030861e-37, 2.6128503690487603e-35, 1.8467808441306501e-34, 1.1139955314095217e-33, 1.2119935152223614e-33, 3.2805262713268335e-33, 2.8593129077345127e-32, 4.914058999287436e-25, 2.1465680392419232e-19, 6.88676665234202e-19, 1.3936536156204137e-18, 5.763847088322578e-18, 1.0150122475548015e-17, 1.0785854666310944e-17, 1.44168677420948e-17, 1.804023015762955e-17, 2.1904254715110955e-17, 2.97949428131224e-17, 5.838537750355883e-17, 6.218999804978823e-17, 6.98087068208894e-17, 1.2544891077510903e-16, 1.3788957388499536e-16, 0.0033939112129359288, 0.006721204083183645, 0.02046705838639474, 0.049557508669040115, 0.10023528154790942, 0.14860645937088204, 0.23014217098031006, 0.41822666550555404]],